label,value
0.0 à 45.0,47.38656
45.0 à 90.0,52.61344